,timestamp,front-end_carts,orders_carts,front-end_carts-5fd657685b,front-end-858c94d57b_carts-5fd657685b,orders_carts-5fd657685b,orders-d99bfcf55_carts-5fd657685b,front-end_catalogue,front-end_catalogue-6786c4d99b,front-end-858c94d57b_catalogue-6786c4d99b,front-end_orders,front-end-858c94d57b_orders-d99bfcf55,orders_payment,orders-d99bfcf55_payment-76c559c64c,orders_shipping,orders-d99bfcf55_shipping,front-end_user,front-end-858c94d57b_user,orders_user,orders-d99bfcf55_user,carts_carts-db,carts-5fd657685b_carts-db-cfd5cfc74,catalogue_catalogue-db,catalogue_catalogue-db-7c6c54f454,catalogue-6786c4d99b_catalogue-db-7c6c54f454,orders_orders-db,queue-master_rabbitmq,shipping_rabbitmq,queue-master-56db5dfc67_rabbitmq-7d49f9f995,shipping-7d94dd67dd_rabbitmq-7d49f9f995,user_user-db,user-5f4b89b8cb_user-db-77bcd55dc4
0,2020-05-11 09:23:33,961.5853658536583,227.49999999999983,,,,,39.807692307692264,,,9900.0,,4.95,,2477.6470588235293,,93.45454545454538,,28.24999999999999,,88.5008,0.0,280.3242,0.0,0.0,0.041,0.0,0.0,0.0,0.0,49.5368,0.0
1,2020-05-11 09:23:38,466.0294117647057,237.40000000000006,,,,,35.60416666666648,,,2200.0,,95.25000000000003,,45.5,,56.08333333333335,,49.31578947368421,,44.2504,0.0,366.2099,0.0,0.0,0.0205,2.1546,0.0,0.0,0.0,113.3034,0.0
2,2020-05-11 09:23:43,313.7499999999993,196.75000000000003,,,,,203.73999999999995,,,4957.627118644067,,90.60000000000007,,94.0,,91.70588235294117,,76.37499999999991,,67.41533333333332,0.0,417.15680000000003,0.0,0.0,7.051333333333333,1.4364,0.11126666666666667,0.0,0.0,77.14153333333333,0.0
3,2020-05-11 09:23:48,236.96153846153854,200.00000000000028,,,,,226.03260869565216,,,2477.7272727272725,,50.0,,100.0,,49.83848314606742,,49.13793103448277,,50.561499999999995,0.0,413.34040000000005,0.0,0.0,5.2885,2.6733000000000002,0.08345,0.0,0.0,126.0786,0.0
4,2020-05-11 09:23:53,241.74157303370782,95.61111111111113,,,,,46.85365853658533,,,2205.0,,65.50000000000021,,22.05,,87.84090909090902,,89.50000000000003,,63.6684,0.0,443.54512000000005,0.0,0.0,4.5918,2.13864,0.06676,0.0,0.0,100.86287999999999,0.0
5,2020-05-11 09:23:58,236.35365853658521,194.50000000000009,,,,,31.409090909090796,,,2448.793103448276,,79.25000000000017,,50.4999999999999,,74.37499999999969,,68.66666666666623,,53.056999999999995,0.0,455.89627826434713,0.0,0.0,3.8265,3.5197191628341,0.05563333333333333,0.0,0.0,137.41509412784112,0.0
6,2020-05-11 09:24:03,239.94366197183092,75.74999999999984,,,,,45.30232558139538,,,1780.0,,94.55555555555557,,97.03333333333333,,152.50000000000034,,47.70238095238095,,63.030917873568136,0.0,456.5725919273288,0.0,0.0,3.6147901562544633,3.0169021395720854,0.04768571428571428,0.0,0.0,117.78436639529238,0.0
7,2020-05-11 09:24:08,349.99999999999955,225.50000000000003,,,,,36.883333333333226,,,963.076923076923,,92.92857142857142,,43.74999999999997,,83.21874999999997,,47.913043478260825,,55.15205313937212,0.0,464.60931125373963,0.0,0.0,3.1629413867226552,3.724173125626975,0.041725,0.0,0.0,142.1920228767932,0.0
8,2020-05-11 09:24:13,226.26785714285728,74.25000000000009,,,,,57.38888888888888,,,948.8888888888889,,89.80000000000004,,91.3333333333333,,94.04,,47.84375,,62.24284928709952,0.0,472.9390604219618,0.0,0.0,3.0425870269435573,3.3103761116684223,0.037088888888888887,0.0,0.0,126.39290922381618,0.0
9,2020-05-11 09:24:18,143.9285714285723,43.24999999999994,,,,,44.96428571428571,,,480.0,,89.12499999999996,,81.24999999999991,,87.2142857142857,,79.78571428571438,,56.01856435838956,0.0,474.644113755391,0.0,0.0,2.738328324249202,4.006714926357093,0.03338,0.0,0.0,146.77777279413016,0.0
10,2020-05-11 09:24:23,48.15384615384619,22.74999999999998,,,,,26.722222222222474,,,540.0000000000022,,58.000000000000426,,52.00000000000011,,88.04545454545453,,85.6249999999999,,62.58133801265114,0.0,470.79499593302586,0.0,0.0,2.70135311653349,3.6424681148700846,0.030345454545454544,0.0,0.0,133.4343389037547,0.0
11,2020-05-11 09:24:28,197.3846153846155,93.74999999999997,,,,,196.85714285714246,,,448.7499999999994,,37.49999999999989,,87.49999999999994,,149.28571428571354,,45.83333333333332,,57.36622651159687,0.0,479.85970818242,0.0,0.0,2.4762403568223657,4.203948116704422,0.027816666666666667,0.0,0.0,151.1279818978501,0.0
12,2020-05-11 09:24:33,235.9599999999999,94.18750000000001,,,,,190.22500000000022,,,245.16129032258067,,83.50000000000001,,76.24999999999976,,48.55603448275862,,42.84999999999997,,60.07504317826354,0.0,497.44659151575325,0.0,0.0,2.666240356822366,4.203948116704422,0.027816666666666667,0.0,0.0,146.99991523118345,0.0
13,2020-05-11 09:24:38,183.1000000000003,91.08333333333339,,,,,44.80405405405402,,,441.2500000000004,,75.2500000000001,,75.00000000000001,,102.70000000000012,,40.78124999999996,,60.07504317826354,0.0,501.7179915157533,0.0,0.0,2.666240356822366,4.682748116704422,0.027816666666666667,0.0,0.0,159.21321523118345,0.0
14,2020-05-11 09:24:43,210.44736842105277,43.749999999999986,,,,,40.361111111111335,,,465.357142857143,,80.75000000000003,,80.25000000000009,,60.35714285714304,,45.75000000000002,,60.74755984493021,0.0,502.20542484908657,0.0,0.0,1.1102403568223658,4.682748116704422,0.00013333333333333253,0.0,0.0,158.8117318978501,0.0
15,2020-05-11 09:24:48,95.62857142857148,49.62500000000021,,,,,42.39285714285711,,,417.50000000000006,,89.79999999999998,,99.25000000000043,,47.043103448275836,,43.961538461538446,,60.74755984493021,0.0,506.6692748490866,0.0,0.0,1.1102403568223658,4.957614783371088,0.00013333333333333253,0.0,0.0,164.62328189785012,0.0
16,2020-05-11 09:24:53,95.39361702127664,46.81249999999998,,,,,73.82142857142857,,,242.21875000000003,,46.81249999999998,,46.39285714285718,,77.44999999999983,,24.463529411764704,,61.57179339821955,0.0,503.3250709565318,0.0,0.0,1.1502022811041763,4.957614783371088,0.00013333333333333253,0.0,0.0,164.62328189785012,0.0
17,2020-05-11 09:24:58,43.86842105263155,9.393750000000004,,,,,45.5125,,,239.28571428571433,,46.50000000000002,,75.25000000000004,,46.28571428571428,,24.8631067961165,,61.57179339821955,0.0,505.4640211752846,0.0,0.0,1.1502022811041763,4.975167343763982,0.00013333333333333253,0.0,0.0,165.5848443367951,0.0
18,2020-05-11 09:25:03,74.94999999999973,9.724999999999998,,,,,201.48076923076928,,,239.28571428571425,,45.94999999999996,,48.44642857142856,,88.37500000000001,,45.211538461538446,,61.570484241066254,0.0,508.7102776274162,0.0,0.0,1.1413532737726961,4.975167343763982,0.00013333333333333253,0.0,0.0,165.5848443367951,0.0
19,2020-05-11 09:25:08,95.62500000000003,26.75000000000034,,,,,174.07692307692278,,,221.2,,50.0,,9.060000000000006,,82.46428571428571,,44.74999999999999,,61.570484241066254,0.0,502.11263208253155,0.0,0.0,1.1413532737726961,5.076844841429715,0.00013333333333333253,0.0,0.0,167.3760094828535,0.0
20,2020-05-11 09:25:13,48.91249999999998,10.0,,,,,206.05555555555583,,,240.70000000000007,,74.75000000000028,,49.875000000000256,,46.994318181818194,,44.48214285714286,,61.884170477767874,0.0,497.7502737893158,0.0,0.0,1.1694169861018537,5.076844841429715,0.00013333333333333253,0.0,0.0,167.3760094828535,0.0
21,2020-05-11 09:25:18,54.999999999999865,25.0,,,,,58.38888888888838,,,229.42857142857136,,87.62500000000006,,41.91666666666674,,49.44148936170212,,41.09375000000003,,61.884170477767874,0.0,495.4573822245443,0.0,0.0,1.1694169861018537,5.04989699305142,0.00013333333333333253,0.0,0.0,166.73987420430024,0.0
22,2020-05-11 09:25:23,45.28749999999997,9.615384615384617,,,,,78.19444444444451,,,98.21428571428572,,41.83333333333329,,41.49999999999994,,55.166666666665925,,24.58958333333333,,61.58849759816231,0.0,506.1550307487632,0.0,0.0,1.1655335661538226,5.04989699305142,0.00013333333333333253,0.0,0.0,166.73987420430024,0.0
23,2020-05-11 09:25:28,93.01470588235291,76.99999999999979,,,,,44.593750000000036,,,220.59999999999977,,46.08333333333336,,18.24999999999999,,46.1931818181818,,42.08333333333332,,61.58849759816231,0.0,500.23956883828356,0.0,0.0,1.1655335661538226,5.058244648311243,0.00013333333333333253,0.0,0.0,166.4042863015586,0.0
24,2020-05-11 09:25:33,192.88461538461553,73.7499999999998,,,,,44.58870967741932,,,241.49999999999997,,36.8749999999999,,49.85714285714282,,79.53846153846148,,68.49999999999989,,61.69276426482897,0.0,497.27365217161696,0.0,0.0,1.1625335661538228,5.058244648311243,0.00013333333333333253,0.0,0.0,166.4042863015586,0.0
25,2020-05-11 09:25:38,107.20000000000029,91.41666666666671,,,,,34.113636363636324,,,234.66666666666654,,21.137500000000014,,49.78571428571428,,40.482142857142826,,48.87499999999953,,61.69276426482897,0.0,499.678952171617,0.0,0.0,1.1625335661538228,5.058244648311242,0.00013333333333333253,0.0,0.0,168.86815296822527,0.0
26,2020-05-11 09:25:43,80.12500000000016,8.650000000000006,,,,,35.17857142857154,,,237.24999999999991,,79.75000000000007,,59.500000000000135,,46.022727272727316,,39.87500000000001,,61.92580680413087,0.0,497.78309220625596,0.0,0.0,1.1583741603451365,5.058244648311242,0.00013322675193178711,0.0,0.0,168.86815296822527,0.0
27,2020-05-11 09:25:48,49.43333333333323,25.0,,,,,39.91249999999991,,,245.23214285714283,,50.0,,75.00000000000001,,52.999999999999766,,62.499999999999666,,61.92580680413087,0.0,503.037559239736,0.0,0.0,1.1583741603451365,5.1206590273962105,0.00013322675193178711,0.0,0.0,167.77423634824393,0.0
28,2020-05-11 09:25:53,85.06249999999987,25.0,,,,,81.19047619047628,,,229.00000000000003,,83.33333333333323,,50.0,,40.46428571428568,,24.705882352941174,,62.045370636462444,0.0,502.8380744568206,0.0,0.0,1.164490834169235,5.1206590273962105,0.00013322675193178711,0.0,0.0,167.77423634824393,0.0
29,2020-05-11 09:25:58,45.58035714285717,60.50000000000035,,,,,120.66666666666607,,,225.99999999999994,,46.70833333333335,,45.06250000000003,,49.81666666666666,,38.149999999999906,,62.045370636462444,0.0,498.82326843922766,0.0,0.0,1.164490834169235,5.107713552252934,0.00013322675193178711,0.0,0.0,167.76814351204507,0.0
30,2020-05-11 09:26:03,47.015625000000064,24.54999999999999,,,,,38.71052631578937,,,249.80645161290315,,49.75000000000003,,42.75000000000002,,46.146551724137964,,44.84090909090917,,62.21064436736765,0.0,503.23675582832783,0.0,0.0,1.1733789170189448,5.107713552252934,0.00013322675193178711,0.0,0.0,167.76814351204507,0.0
31,2020-05-11 09:26:08,51.9999999999996,27.250000000000092,,,,,970.3529411764706,,,244.92307692307688,,203.99999999999957,,124.00000000000011,,47.719999999999985,,47.97222222222222,,62.21064436736765,0.0,494.99052249499454,0.0,0.0,1.1733789170189448,5.125446885586268,0.00013322675193178711,0.0,0.0,167.8078268453784,0.0
32,2020-05-11 09:26:13,44.52272727272729,12.85000000000003,,,,,800.3124999999993,,,471.5625000000002,,201.50000000000006,,241.60000000000002,,65.14285714285697,,52.833333333333236,,62.48085659158948,0.0,490.4528596408986,0.0,0.0,1.1724191922972225,5.125446885586268,0.00013322675193178711,0.0,0.0,167.8078268453784,0.0
33,2020-05-11 09:26:18,66.71428571428578,22.029999999999994,,,,,722.272727272729,,,245.9285714285714,,125.5000000000015,,92.0,,67.1999999999997,,57.00000000000025,,62.48085659158948,0.0,485.490668392649,0.0,0.0,1.1724191922972225,5.143014379084967,0.00013322675193178711,0.0,0.0,171.03880004668534,0.0
34,2020-05-11 09:26:23,79.90909090909093,9.416666666666664,,,,,925.3749999999999,,,282.4999999999999,,97.3,,198.50000000000023,,91.29999999999967,,43.84615384615385,,61.978556591589474,0.0,473.5531017259823,0.0,0.0,1.1804191922972225,5.143014379084967,0.00013322675193178711,0.0,0.0,171.03880004668534,0.0
35,2020-05-11 09:26:28,74.6500000000001,20.24999999999998,,,,,490.12500000000006,,,377.4999999999997,,88.6250000000001,,225.99999999999994,,203.08333333333306,,40.285714285714334,,61.978556591589474,0.0,464.23166839264894,0.0,0.0,1.1804191922972225,5.151881045751633,0.00013322675193178711,0.0,0.0,170.46501671335201,0.0
36,2020-05-11 09:26:33,48.472826086956516,9.587500000000002,,,,,909.558823529412,,,458.3333333333332,,242.1052631578947,,235.15000000000003,,63.999999999999865,,42.37499999999999,,62.17347674949474,0.0,459.95596169333515,0.0,0.0,1.179305610446333,5.151881045751633,0.00013322675193178711,0.0,0.0,170.46501671335201,0.0
37,2020-05-11 09:26:38,82.89999999999972,53.99999999999986,,,,,778.9285714285699,,,282.49999999999886,,222.9999999999998,,203.99999999999986,,50.299999999999464,,44.67307692307691,,62.17347674949474,0.0,450.5328019308109,0.0,0.0,1.179305610446333,5.094716153482938,0.00013322675193178711,0.0,0.0,167.283434230529,0.0
38,2020-05-11 09:26:43,78.29166666666669,22.239999999999984,,,,,893.6363636363637,,,438.12499999999994,,93.85714285714283,,237.2499999999999,,84.32352941176462,,48.79411764705881,,62.01283421019284,0.0,438.4991785628386,0.0,0.0,1.1674650162550195,5.094716153482938,0.00013333333333333253,0.0,0.0,167.283434230529,0.0
39,2020-05-11 09:26:48,77.55000000000017,37.12499999999995,,,,,932.5531914893614,,,244.72222222222217,,195.00000000000017,,96.94444444444447,,197.79999999999993,,48.97413793103446,,62.01283421019284,0.0,433.4262903178431,0.0,0.0,1.1674650162550195,5.107315688832197,0.00013333333333333253,0.0,0.0,168.13257781305865,0.0
40,2020-05-11 09:26:53,84.84375000000011,8.550000000000002,,,,,897.6666666666669,,,421.6666666666672,,96.89285714285717,,424.99999999999926,,47.12500000000006,,24.671323529411758,,61.85645499183884,0.0,423.76212465157664,0.0,0.0,1.1704662167352116,5.107315688832197,0.00013333333333333253,0.0,0.0,168.13257781305865,0.0
41,2020-05-11 09:26:58,67.42857142857133,8.433333333333346,,,,,652.7777777777773,,,466.78571428571433,,178.74999999999926,,232.7499999999999,,48.68749999999995,,40.81249999999995,,61.85645499183884,0.0,417.97774131824326,0.0,0.0,1.1704662167352116,5.054115688832198,0.00013333333333333253,0.0,0.0,170.64022781305866,0.0
42,2020-05-11 09:27:03,89.84782608695657,37.50000000000001,,,,,490.4347826086957,,,245.83333333333334,,96.15384615384617,,212.50000000000017,,96.75000000000007,,40.624999999999986,,61.90922165850551,0.0,405.94270798490993,0.0,0.0,1.1714662167352115,5.054115688832198,0.00013333333333333253,0.0,0.0,170.64022781305866,0.0
43,2020-05-11 09:27:08,85.86111111111103,25.0,,,,,490.26223776223765,,,439.9999999999997,,212.50000000000017,,97.50000000000001,,90.03703703703698,,41.61111111111106,,61.90922165850551,0.0,411.7169574716792,0.0,0.0,1.1714662167352115,5.000757893724551,0.00013333333333333253,0.0,0.0,170.15724081379184,0.0
44,2020-05-11 09:27:13,47.37499999999998,24.99999999999991,,,,,956.7857142857143,,,249.96428571428575,,222.39999999999978,,199.99999999999974,,88.00000000000003,,75.66666666666664,,61.71171107121026,0.0,406.4694268284511,0.0,0.0,1.160239189168292,5.000757893724551,0.00013333333333333253,0.0,0.0,170.15724081379184,0.0
45,2020-05-11 09:27:18,94.11999999999999,28.00000000000004,,,,,961.8831168831168,,,439.3750000000003,,234.16666666666654,,219.6249999999999,,90.6785714285714,,85.55555555555564,,61.71171107121026,0.0,404.9238046273695,0.0,0.0,1.160239189168292,5.0330218699579445,0.00013333333333333253,0.0,0.0,167.27725311768395,0.0
46,2020-05-11 09:27:23,84.6333333333334,26.999999999999787,,,,,935.4166666666669,,,269.99999999999784,,116.4999999999989,,178.74999999999926,,91.10416666666669,,149.50000000000028,,62.362144404543606,0.0,403.4904379607029,0.0,0.0,1.143239189168292,5.0330218699579445,0.00013333333333333253,0.0,0.0,167.27725311768395,0.0
47,2020-05-11 09:27:28,87.2777777777778,24.849999999999984,,,,,491.98198198198185,,,453.49999999999955,,197.99999999999974,,235.81818181818178,,94.26744186046515,,154.59999999999923,,62.362144404543606,0.0,404.4173595653944,0.0,0.0,1.143239189168292,5.001648192762157,0.00013333333333333253,0.0,0.0,167.5180952608267,0.0
48,2020-05-11 09:27:33,155.3124999999997,55.50000000000008,,,,,907.3611111111111,,,475.7499999999998,,230.71428571428552,,224.80000000000013,,117.24999999999858,,66.25000000000009,,61.95268035574865,0.0,404.82657886308084,0.0,0.0,1.1554333699254107,5.001648192762157,0.00013333333333333253,0.0,0.0,167.5180952608267,0.0
49,2020-05-11 09:27:38,220.52173913043495,103.00000000000097,,,,,690.5000000000001,,,486.4473684210526,,85.66666666666656,,96.37500000000001,,97.37037037037035,,48.39423076923076,,61.95268035574865,0.0,406.0460719589384,0.0,0.0,1.1554333699254107,5.0676797516975185,0.00013333333333333253,0.0,0.0,167.39476107698303,0.0
50,2020-05-11 09:27:43,216.04545454545473,31.499999999999943,,,,,489.9685534591195,,,337.50000000000057,,120.9999999999982,,242.81578947368425,,81.23076923076924,,48.75833333333334,,62.40746132955388,0.0,410.0976992001568,0.0,0.0,1.163394294407181,5.0676797516975185,0.00013330667199893274,0.0,0.0,168.2625208583601,0.0
51,2020-05-11 09:27:48,188.9090909090907,87.49999999999994,,,,,495.5505952380953,,,257.5000000000022,,174.99999999999932,,240.62499999999997,,96.52083333333324,,89.28571428571426,,62.40746132955388,0.0,403.4091433062511,0.0,0.0,1.163394294407181,5.068208985893018,0.00013330667199893274,0.0,0.0,166.83652021440884,0.0
52,2020-05-11 09:27:53,80.49999999999997,10.149999999999919,,,,,488.6778846153842,,,472.22222222222234,,175.75000000000023,,458.7499999999999,,85.81578947368416,,43.81249999999999,,62.28752649562031,0.0,407.6166476479878,0.0,0.0,1.16131449582108,5.068208985893018,0.00013330667199893274,0.0,0.0,169.6905368810755,0.0
53,2020-05-11 09:27:58,48.80303030303029,17.79999999999997,,,,,836.8421052631585,,,257.5000000000003,,97.09375,,177.9999999999997,,88.06818181818188,,53.16666666666698,,62.28752649562031,0.0,407.2531143146545,0.0,0.0,1.16131449582108,4.961808985893018,0.00013330667199893274,0.0,0.0,161.78157021440882,0.0
54,2020-05-11 09:28:03,48.39516129032254,17.649999999999984,,,,,975.9090909090913,,,246.59090909090912,,215.87500000000028,,222.70000000000022,,86.25000000000001,,40.375000000000014,,62.07650982895365,0.0,404.6612309813211,0.0,0.0,1.14231449582108,4.961808985893018,0.00013330667199893274,0.0,0.0,163.31143688107548,0.0
55,2020-05-11 09:28:08,26.500000000000057,23.331249999999994,,,,,939.3000000000001,,,262.49999999999756,,96.1923076923077,,177.9999999999997,,117.99999999999908,,47.499999999999986,,62.07650982895365,0.0,397.1269981612185,0.0,0.0,1.14231449582108,5.050633447667329,0.00013330667199893274,0.0,0.0,164.76870721367564,0.0
56,2020-05-11 09:28:13,222.53846153846163,100.0,,,,,900.6249999999997,,,462.5,,235.00000000000003,,220.0000000000001,,156.6250000000001,,75.00000000000001,,61.867120416248895,0.0,399.4053788044466,0.0,0.0,1.137541523388,5.050633447667329,0.00013330667199893274,0.0,0.0,165.6417738803423,0.0
57,2020-05-11 09:28:18,44.21590909090908,17.5,,,,,753.4615384615387,,,238.4615384615385,,100.0,,107.49999999999854,,81.66666666666676,,48.433333333333344,,61.867120416248895,0.0,405.62395100552817,0.0,0.0,1.137541523388,5.02280280476727,0.00013330667199893274,0.0,0.0,163.7133449097835,0.0
58,2020-05-11 09:28:23,49.50000000000006,11.050000000000201,,,,,927.2499999999999,,,488.375,,96.12500000000001,,75.49999999999996,,79.45833333333319,,46.362500000000004,,62.07565374958224,0.0,402.46160100552817,0.0,0.0,1.156541523388,5.02280280476727,0.00013330667199893274,0.0,0.0,164.10667824311685,0.0
59,2020-05-11 09:28:28,95.48529411764706,51.50000000000022,,,,,936.6666666666667,,,954.5454545454547,,105.9999999999982,,213.62500000000034,,147.437500000001,,50.83333333333286,,62.07565374958224,0.0,401.4444911827906,0.0,0.0,1.156541523388,5.036097486894419,0.00013330667199893274,0.0,0.0,165.23725934400986,0.0
60,2020-05-11 09:28:33,49.658536585365816,29.99999999999987,,,,,613.7499999999976,,,477.7499999999999,,122.49999999999828,,95.61111111111111,,99.38333333333335,,65.12499999999989,,61.87937523817768,0.0,403.45491201779123,0.0,0.0,1.153540322907808,5.036097486894419,0.00013330667199893274,0.0,0.0,165.23725934400986,0.0
61,2020-05-11 09:28:38,47.416666666666565,10.900000000000038,,,,,990.4499999999998,,,489.8913043478261,,224.49999999999974,,227.50000000000003,,82.56666666666656,,45.84375000000003,,61.87937523817768,0.0,397.2063620177912,0.0,0.0,1.153540322907808,5.031664153561086,0.00013330667199893274,0.0,0.0,167.81349267734316,0.0
62,2020-05-11 09:28:43,44.64285714285719,10.0,,,,,492.28365384615387,,,485.6666666666667,,87.00000000000004,,99.80000000000003,,227.84999999999985,,44.89999999999997,,61.74603872656627,0.0,398.73795216208924,0.0,0.0,1.1472768158914264,5.031664153561086,0.00013312034078807164,0.0,0.0,166.9457328959661,0.0
63,2020-05-11 09:28:48,91.85294117647041,12.999999999999973,,,,,753.4615384615387,,,472.81249999999994,,79.99999999999996,,94.35714285714289,,87.62500000000006,,40.041666666666565,,61.74603872656627,0.0,404.0316323123822,0.0,0.0,1.1472768158914264,5.001818440828796,0.00013312034078807164,0.0,0.0,167.15728894916393,0.0
64,2020-05-11 09:28:53,193.4285714285715,9.509999999999998,,,,,477.09677419354847,,,242.21428571428572,,47.525,,94.44444444444447,,84.34210526315792,,24.698453608247423,,61.66453872656626,0.0,403.53216564571557,0.0,0.0,1.1532768158914264,5.001818440828796,0.00013312034078807164,0.0,0.0,164.30327228249726,0.0
65,2020-05-11 09:28:58,45.92500000000001,19.749999999999996,,,,,949.2727272727275,,,246.2702702702703,,96.25,,223.74999999999997,,145.64285714285654,,34.09999999999995,,61.66453872656626,0.0,401.93356258632747,0.0,0.0,1.1532768158914264,5.085892206075745,0.00013312034078807164,0.0,0.0,170.0908343367531,0.0
66,2020-05-11 09:29:03,92.45,78.25000000000023,,,,,875.2272727272725,,,246.51250000000002,,96.37500000000004,,119.50000000000134,,97.6136363636363,,83.87500000000003,,61.89044962541271,0.0,404.76774649644284,0.0,0.0,1.1663149068429501,5.085892206075745,0.00013312034078807164,0.0,0.0,168.5609676700864,0.0
67,2020-05-11 09:29:08,65.42857142857154,38.50000000000012,,,,,948.0000000000005,,,1014.9999999999968,,181.00000000000065,,181.00000000000065,,75.40909090909066,,47.9047619047619,,61.89044962541271,0.0,405.3878954666488,0.0,0.0,1.1663149068429501,5.050257106429009,0.00013312034078807164,0.0,0.0,168.5972319638943,0.0
68,2020-05-11 09:29:13,44.347222222222314,22.425000000000008,,,,,796.5624999999984,,,244.125,,96.03846153846155,,99.75000000000006,,46.297297297297284,,24.622289156626504,,62.32868016377697,0.0,408.0558710605797,0.0,0.0,1.1699763662160783,5.050257106429009,0.00013312034078807164,0.0,0.0,167.72416529722764,0.0
69,2020-05-11 09:29:18,82.73076923076914,83.66666666666673,,,,,958.623188405797,,,475.0000000000002,,238.8076923076922,,97.89130434782608,,46.111111111111164,,25.333333333333282,,62.32868016377697,0.0,402.9899899650554,0.0,0.0,1.1699763662160783,5.065289571358869,0.00013312034078807164,0.0,0.0,170.68262865728107,0.0
70,2020-05-11 09:29:23,44.345238095238074,9.444444444444446,,,,,961.3291139240506,,,245.86363636363635,,94.38888888888891,,233.1666666666667,,46.26428571428571,,35.10000000000012,,61.72677289335181,0.0,403.62897516430894,0.0,0.0,1.1608998301638327,5.065289571358869,0.00013312034078807164,0.0,0.0,170.28929532394775,0.0
71,2020-05-11 09:29:28,45.42647058823525,20.05000000000002,,,,,923.4146341463418,,,464.28571428571445,,233.50000000000006,,228.78571428571433,,48.54435483870968,,46.09210526315791,,61.72677289335181,0.0,401.9266430730836,0.0,0.0,1.1608998301638327,5.003408111851757,0.00013312034078807164,0.0,0.0,169.26483859327604,0.0
72,2020-05-11 09:29:33,24.930952380952373,9.189999999999994,,,,,982.0093457943922,,,392.49999999999943,,128.499999999999,,229.99999999999997,,47.95918367346942,,37.8499999999999,,62.46503798459276,0.0,397.6221354185109,0.0,0.0,1.1619401535708953,5.003408111851757,0.00013312034078807164,0.0,0.0,169.26483859327604,0.0
73,2020-05-11 09:29:38,155.12500000000045,41.666666666666714,,,,,858.9583333333322,,,499.8684210526314,,200.00000000000028,,240.53124999999991,,46.416666666666686,,43.74999999999994,,62.46503798459276,0.0,402.62466875184424,0.0,0.0,1.1619401535708953,5.02114144518509,0.00013312034078807164,0.0,0.0,168.27357192660935,0.0
74,2020-05-11 09:29:43,29.083333333333403,10.0,,,,,937.0000000000002,,,463.92857142857144,,96.66666666666666,,234.99999999999994,,47.21341463414638,,43.18181818181814,,62.45272737188279,0.0,399.37595469633106,0.0,0.0,1.1530624996752703,5.02114144518509,0.0001332001332001324,0.0,0.0,168.27357192660935,0.0
75,2020-05-11 09:29:48,132.49999999999912,9.504999999999999,,,,,928.4615384615385,,,386.25000000000045,,102.99999999999893,,213.24999999999972,,89.13888888888881,,24.84516129032258,,62.45272737188279,0.0,394.6979985149894,0.0,0.0,1.1530624996752703,5.042818250195229,0.0001332001332001324,0.0,0.0,169.75329576102067,0.0
76,2020-05-11 09:29:53,30.041666666666746,8.937499999999991,,,,,811.1111111111089,,,245.16129032258067,,217.74999999999991,,206.9999999999997,,49.707142857142834,,40.85714285714288,,62.570360705216125,0.0,391.99676518165603,0.0,0.0,1.1510624996752705,5.042818250195229,0.0001332001332001324,0.0,0.0,169.75329576102067,0.0
77,2020-05-11 09:29:58,77.87499999999997,25.0,,,,,727.2727272727269,,,467.14285714285694,,199.4999999999994,,238.4615384615385,,66.81250000000026,,45.93421052631577,,62.570360705216125,0.0,395.03001824104416,0.0,0.0,1.1510624996752705,5.060711151614944,0.0001332001332001324,0.0,0.0,169.94061704009815,0.0
78,2020-05-11 09:30:03,75.75000000000004,21.17499999999998,,,,,725.4545454545463,,,242.92857142857142,,213.24999999999974,,89.79999999999998,,46.185185185185205,,25.416666666666583,,62.68923313970302,0.0,392.5300676642621,0.0,0.0,1.161024408723747,5.060711151614944,0.0001332001332001324,0.0,0.0,169.94061704009815,0.0
79,2020-05-11 09:30:08,24.884000000000004,9.393750000000002,,,,,972.5316455696204,,,265.0000000000006,,172.7500000000006,,220.90000000000015,,44.85999999999998,,43.20454545454545,,62.68923313970302,0.0,392.65136869405615,0.0,0.0,1.161024408723747,5.105212917928349,0.0001332001332001324,0.0,0.0,169.35936941295694,0.0
80,2020-05-11 09:30:13,87.14999999999992,83.16666666666647,,,,,877.8846153846158,,,245.71428571428572,,101.49999999999918,,198.9999999999997,,74.9545454545454,,41.583333333333336,,62.60561926800542,0.0,388.24950976679185,0.0,0.0,1.1683629493506185,5.105212917928349,0.0001332001332001324,0.0,0.0,169.35936941295694,0.0
81,2020-05-11 09:30:18,24.731499999999997,8.812499999999995,,,,,945.2830188679246,,,243.87499999999994,,204.50000000000017,,204.50000000000017,,40.95000000000002,,24.778947368421054,,62.60561926800542,0.0,389.1215408623163,0.0,0.0,1.1683629493506185,5.0901804529984895,0.0001332001332001324,0.0,0.0,169.8477060529035,0.0
82,2020-05-11 09:30:23,64.64285714285748,9.250000000000002,,,,,960.4729729729728,,,262.49999999999756,,180.2500000000004,,183.25000000000003,,79.80769230769234,,24.605714285714285,,62.967459871763914,0.0,388.8352723297293,0.0,0.0,1.1724394854028644,5.0901804529984895,0.0001332001332001324,0.0,0.0,169.8477060529035,0.0
83,2020-05-11 09:30:28,91.60714285714288,56.9999999999997,,,,,958.0136986301371,,,246.13157894736838,,206.9999999999997,,231.14285714285697,,80.03846153846156,,60.16666666666617,,62.967459871763914,0.0,389.7135259723341,0.0,0.0,1.1724394854028644,5.147974240907575,0.0001332001332001324,0.0,0.0,170.4754895395395,0.0
84,2020-05-11 09:30:33,88.12499999999997,44.94999999999996,,,,,739.1666666666683,,,242.97368421052627,,96.15384615384617,,94.94999999999996,,87.85714285714292,,30.750000000000114,,62.82091718281722,0.0,395.0318335268668,0.0,0.0,1.1693197635697645,5.147974240907575,0.0001332001332001324,0.0,0.0,170.4754895395395,0.0
85,2020-05-11 09:30:38,26.199999999999818,22.29999999999998,,,,,935.1041666666665,,,277.4999999999995,,195.49999999999935,,169.74999999999994,,140.28571428571394,,49.406249999999915,,62.82091718281722,0.0,394.56634239665215,0.0,0.0,1.1693197635697645,5.129904108960354,0.0001332001332001324,0.0,0.0,169.84830519327804,0.0
86,2020-05-11 09:30:43,91.26666666666667,45.87499999999998,,,,,902.1212121212118,,,257.49999999999926,,151.00000000000006,,215.49999999999986,,48.1367924528302,,42.92857142857143,,62.61656471922105,0.0,392.6928149903517,0.0,0.0,1.1865789982659738,5.129904108960354,0.00013338668800853595,0.0,0.0,169.84830519327804,0.0
87,2020-05-11 09:30:48,214.75000000000009,22.474999999999977,,,,,887.6785714285718,,,388.75000000000006,,212.50000000000017,,95.83333333333336,,96.37209302325584,,62.12500000000011,,62.61656471922105,0.0,396.6313181268215,0.0,0.0,1.1865789982659738,5.097996534719447,0.00013338668800853595,0.0,0.0,169.4316656537385,0.0
88,2020-05-11 09:30:53,47.18749999999999,21.287499999999998,,,,,807.3529411764706,,,460.41666666666634,,225.00000000000006,,236.3636363636364,,48.79901960784312,,46.613636363636346,,62.373931385887715,0.0,394.13943479348814,0.0,0.0,1.177578998265974,5.097996534719447,0.00013338668800853595,0.0,0.0,170.4887156537385,0.0
89,2020-05-11 09:30:58,45.394736842105246,25.0,,,,,832.6470588235281,,,465.357142857143,,228.5714285714286,,236.3636363636364,,104.79999999999947,,45.32812500000001,,62.373931385887715,0.0,391.13988479348814,0.0,0.0,1.177578998265974,5.06252986805278,0.00013338668800853595,0.0,0.0,168.9530656537385,0.0
90,2020-05-11 09:31:03,42.63461538461535,9.28571428571429,,,,,937.9787234042539,,,245.31250000000003,,94.44444444444447,,220.0000000000001,,89.1499999999999,,41.6666666666666,,62.295179129672285,0.0,396.03090600257957,0.0,0.0,1.173539722787736,5.06252986805278,0.00013338668800853595,0.0,0.0,169.6514759716749,0.0
91,2020-05-11 09:31:08,96.06250000000001,79.5,,,,,490.7397959183673,,,245.875,,95.44444444444444,,94.14285714285714,,65.68750000000007,,43.166666666666714,,62.295179129672285,0.0,407.29546753822007,0.0,0.0,1.173539722787736,5.058273016682506,0.00013338668800853595,0.0,0.0,169.61885557092805,0.0
92,2020-05-11 09:31:13,47.29411764705876,25.0,,,,,489.7590361445782,,,255.00000000000162,,212.50000000000017,,200.00000000000028,,80.78571428571412,,75.00000000000001,,62.17772912967229,0.0,407.5347175382201,0.0,0.0,1.153539722787736,5.058273016682506,0.00013338668800853595,0.0,0.0,170.0162389042614,0.0
93,2020-05-11 09:31:18,45.74999999999993,83.16666666666676,,,,,593.7499999999956,,,285.0000000000005,,235.00000000000003,,200.00000000000028,,77.54545454545459,,46.225000000000016,,62.17772912967229,0.0,407.23478158593434,0.0,0.0,1.153539722787736,5.0180486264386035,0.00013338668800853595,0.0,0.0,168.85725115935938,0.0
94,2020-05-11 09:31:23,79.62500000000004,25.250000000000128,,,,,482.70588235294105,,,244.87931034482756,,95.79166666666669,,100.0,,84.5882352941176,,47.12500000000001,,62.17666404363788,0.0,413.37768904225027,0.0,0.0,1.161621122014093,5.0180486264386035,0.00013338668800853595,0.0,0.0,170.3091819316683,0.0
95,2020-05-11 09:31:28,46.4453125,9.595833333333337,,,,,649.9999999999977,,,246.83695652173915,,94.77777777777776,,111.99999999999905,,194.49999999999972,,46.98958333333332,,62.17666404363788,0.0,418.07591783073485,0.0,0.0,1.161621122014093,5.030999419454731,0.00013338668800853595,0.0,0.0,167.2414576014004,0.0
96,2020-05-11 09:31:33,80.45833333333321,25.999999999999893,,,,,485.4285714285714,,,440.62499999999966,,213.62500000000003,,235.00000000000003,,137.71428571428484,,51.66666666666692,,61.98803071030454,0.0,418.2725344974015,0.0,0.0,1.1516211220140933,5.030999419454731,0.00013338668800853595,0.0,0.0,167.99624093473372,0.0
97,2020-05-11 09:31:38,96.81818181818177,28.2499999999999,,,,,937.9807692307693,,,252.50000000000122,,114.99999999999707,,208.00000000000017,,94.6521739130435,,80.85714285714289,,61.98803071030454,0.0,413.95542324666377,0.0,0.0,1.1516211220140933,5.062719037863203,0.00013338668800853595,0.0,0.0,167.91904541571577,0.0
98,2020-05-11 09:31:43,96.50000000000043,9.545454545454549,,,,,798.333333333332,,,280.0000000000007,,227.7499999999999,,238.4285714285714,,61.24999999999981,,85.75,,61.82581599108352,0.0,417.017097322961,0.0,0.0,1.15554212374812,5.062719037863203,0.00013333333333333253,0.0,0.0,169.6542787490491,0.0
99,2020-05-11 09:31:48,73.49999999999973,51.00000000000066,,,,,877.9999999999997,,,1089.9999999999807,,227.28571428571428,,186.2499999999995,,71.16666666666673,,45.26562499999999,,61.82581599108352,0.0,412.12452543067275,0.0,0.0,1.15554212374812,5.044820817507273,0.00013333333333333253,0.0,0.0,168.0260564801695,0.0
100,2020-05-11 09:31:53,85.83333333333323,59.99999999999965,,,,,871.2000000000002,,,249.95833333333337,,238.68181818181827,,112.0,,72.74999999999987,,24.180000000000007,,62.227040032558484,0.0,414.2689884699473,0.0,0.0,1.1615818150197075,5.044820817507273,0.00013333333333333253,0.0,0.0,168.30650731366953,0.0
101,2020-05-11 09:31:58,61.66666666666655,48.12499999999996,,,,,569.999999999995,,,245.35,,216.4000000000002,,210.6250000000004,,81.24999999999994,,44.43333333333327,,62.227040032558484,0.0,414.91197327906184,0.0,0.0,1.1615818150197075,5.132966436802364,0.00013333333333333253,0.0,0.0,168.76582688192858,0.0
102,2020-05-11 09:32:03,219.5434782608697,223.7499999999999,,,,,968.1395348837208,,,382.5000000000014,,82.25000000000001,,211.5,,68.0625,,45.1590909090909,,61.91482562210725,0.0,409.09748540330366,0.0,0.0,1.1576210904979451,5.132966436802364,0.00013333333333333253,0.0,0.0,170.55336656399214,0.0
103,2020-05-11 09:32:08,42.91176470588233,9.406249999999996,,,,,981.1217948717948,,,373.75,,96.34615384615383,,234.16666666666657,,84.47058823529422,,42.08333333333337,,61.91482562210725,0.0,400.38426387500095,0.0,0.0,1.1576210904979451,5.1067036430522315,0.00013333333333333253,0.0,0.0,166.59156534843584,0.0
104,2020-05-11 09:32:13,47.867647058823536,8.712500000000006,,,,,952.6865671641791,,,242.9166666666666,,99.90000000000006,,175.0,,46.50892857142859,,24.996907216494847,,62.09365895544058,,402.48026387500096,,,1.1816210904979452,5.1067036430522315,0.00013333333333333253,,,169.7771820151025,
105,2020-05-11 09:32:18,84.46666666666664,22.090000000000018,,,,,489.88853503184714,,,384.9999999999989,,177.25000000000009,,96.87500000000001,,68.3125000000003,,41.416666666666714,,62.09365895544058,,404.3620164939534,,,1.1816210904979452,5.133628033296134,0.00013333333333333253,,,167.45370309333785,
106,2020-05-11 09:32:23,93.26388888888891,23.74545454545454,,,,,523.5714285714294,,,249.86363636363632,,113.50000000000055,,222.70000000000022,,207.05263157894757,,44.437500000000014,,61.88047404147499,,402.3409590376375,,,1.174539691271588,5.133628033296134,0.00013333333333333253,,,167.98432232102894,
107,2020-05-11 09:32:28,136.2499999999997,21.99999999999998,,,,,488.54166666666663,,,421.6666666666674,,93.81249999999999,,175.74999999999952,,57.89999999999954,,24.85972222222222,,61.88047404147499,,400.6701035398792,,,1.174539691271588,5.053067800162837,0.00013333333333333253,,,167.1030286398462,
108,2020-05-11 09:32:33,215.21428571428564,10.150000000000023,,,,,859.5833333333323,,,243.94,,91.58333333333333,,97.39473684210527,,66.37499999999974,,46.771739130434796,,61.94094461694732,,399.1994311986014,,,1.1828122561958152,5.053067800162837,0.00013333333333333253,,,168.90006785808507,
109,2020-05-11 09:32:38,39.27272727272726,20.050000000000004,,,,,495.4389312977098,,,244.92307692307688,,75.2500000000001,,200.5,,64.21428571428604,,45.895833333333286,,61.94094461694732,,402.58781691288715,,,1.1828122561958152,5.034984980368253,0.00013333333333333253,,,167.75378105669787,
110,2020-05-11 09:32:43,82.46428571428582,4.999009900990099,,,,,694.0909090909116,,,245.35000000000005,,91.49999999999994,,198.49999999999974,,72.84999999999994,,48.48529411764705,,62.302505721393096,,406.4234494897052,,,1.1587767799577295,5.034984980368253,0.00013330667199893274,,,167.61417859718978,
111,2020-05-11 09:32:48,65.42857142857127,14.650000000000027,,,,,942.962962962963,,,246.18918918918922,,146.50000000000028,,145.0000000000004,,47.94000000000001,,85.21428571428584,,62.302505721393096,,404.74607571186283,,,1.1587767799577295,5.069929030726846,0.00013330667199893274,,,168.56463475895504,
112,2020-05-11 09:32:53,36.94444444444435,24.549999999999894,,,,,2155.599999999999,,,246.45121951219514,,96.9705882352941,,232.83333333333323,,95.63235294117646,,88.07692307692308,,62.11960231722211,,405.8437088354178,,,1.1609377059700925,5.069929030726846,0.00013330667199893274,,,168.05169181667955,
113,2020-05-11 09:32:58,73.88888888888874,9.16666666666667,,,,,881.2500000000002,,,259.99999999999693,,220.0000000000001,,225.00000000000006,,46.207142857142834,,40.65625000000005,,62.11960231722211,,406.5164947846666,,,1.1609377059700925,5.061239522320735,0.00013330667199893274,,,169.09273554310263,
114,2020-05-11 09:33:03,78.66666666666659,10.299999999999889,,,,,917.5000000000002,,,378.74999999999966,,96.53571428571425,,95.9583333333333,,48.556249999999956,,46.46428571428574,,62.782213655090594,,414.47449310399435,,,1.1660167042360652,5.061239522320735,0.00013330667199893274,,,168.2559618803042,
115,2020-05-11 09:33:08,208.10000000000028,75.49999999999996,,,,,908.4375000000002,,,246.21052631578945,,90.19999999999993,,105.99999999999937,,96.26249999999992,,47.91176470588236,,62.782213655090594,,413.59680309665663,,,1.1660167042360652,5.0607258341078065,0.00013330667199893274,,,167.26856682994065,
116,2020-05-11 09:33:13,93.85714285714286,87.87500000000003,,,,,680.4545454545424,,,244.00000000000003,,177.9999999999997,,104.50000000000018,,218.50000000000003,,45.6136363636364,,62.19371365509059,,415.81126976332325,,,1.163016704236065,5.0607258341078065,0.00013330667199893274,,,168.33650016327397,
117,2020-05-11 09:33:18,49.19791666666666,10.0,,,,,939.3333333333334,,,440.62499999999966,,213.24999999999974,,220.59999999999977,,88.26923076923077,,46.83333333333335,,62.19371365509059,,409.90546976332325,,,1.163016704236065,5.025259167441139,0.00013330667199893274,,,169.74266682994065,
118,2020-05-11 09:33:23,55.199999999999605,8.912499999999993,,,,,912.9729729729727,,,245.0862068965517,,95.29999999999997,,94.3333333333333,,180.0454545454544,,92.10000000000026,,62.193088960029606,,407.83678398381244,,,1.1489802281979395,5.025259167441139,0.00013330667199893274,,,167.90213842562153,
119,2020-05-11 09:33:28,44.277777777777736,9.522727272727277,,,,,705.9090909090879,,,423.3333333333329,,225.25000000000014,,238.74999999999997,,92.21875000000011,,86.8181818181819,,62.193088960029606,,409.36523448451106,,,1.1489802281979395,5.079737994769085,0.00013330667199893274,,,169.7553296483811,
120,2020-05-11 09:33:33,38.40624999999998,22.2625,,,,,772.8571428571429,,,246.39999999999998,,95.25000000000003,,133.0000000000009,,79.29166666666659,,49.75892857142859,,62.25607040879486,,407.1669234724795,,,1.150472245774711,5.079737994769085,0.0002664801971021422,,,167.72508120787563,
